run_id,model,partition,n,mae,rmse,mape_pct,mape_n,bias,r2,indicator,encoder,comparison_role
20261005T152614Z_msa_v1_native1000,DummyMean,validation,122,0.2317975259453791,0.2535973505340316,60.560563034877454,122,-0.0869595695681503,-0.1332513383192068,msa,V1 frozen,historical_different_support_not_paired
20261005T152614Z_msa_v1_native1000,Ridge,validation,122,0.1618286003479443,0.19583354518867,43.984774923874134,122,-0.0619813862284948,0.3242112015286725,msa,V1 frozen,historical_different_support_not_paired
20261005T152614Z_msa_v1_native1000,XGBoost,validation,122,0.1598190812424558,0.1906912169666652,41.850566037387374,122,-0.0677399805701169,0.3592358618024248,msa,V1 frozen,historical_different_support_not_paired
20261005T152614Z_msa_v1_native1000,HistGB,validation,122,0.1531915776887644,0.1832840679246976,40.94632778942427,122,-0.0634719408102787,0.4080483337672623,msa,V1 frozen,historical_different_support_not_paired
20261005T152614Z_msa_v1_native1000,DummyMean,test,245,0.1918625292461441,0.2106772771747636,75.8756539098,245,0.0366958484118994,-0.0312880470984515,msa,V1 frozen,historical_different_support_not_paired
20261005T152614Z_msa_v1_native1000,Ridge,test,245,0.1061232415505627,0.150286252242133,43.98600894262619,245,-0.0234724323035614,0.4752129624053699,msa,V1 frozen,historical_different_support_not_paired
20261005T152614Z_msa_v1_native1000,XGBoost,test,245,0.0974171875690927,0.1403275726541924,40.39115303448284,245,-0.020307538460712,0.5424583684793257,msa,V1 frozen,historical_different_support_not_paired
20261005T152614Z_msa_v1_native1000,HistGB,test,245,0.0981797685758512,0.1428047617797612,41.70925239054818,245,-0.0119175243522359,0.5261619103506221,msa,V1 frozen,historical_different_support_not_paired
20261002T153541Z_bii_v1_learning1000,DummyMean,validation,122,0.1510621770491803,0.167725565967736,37.19752984519658,122,-0.1066201836065574,-0.6781115632093717,bii,V1 frozen,historical_different_support_not_paired
20261002T153541Z_bii_v1_learning1000,DummyMean,test,245,0.1772317746938775,0.1850749706439098,88.02714949511913,245,0.0508930448979591,-0.0818030901673645,bii,V1 frozen,historical_different_support_not_paired
20261002T153541Z_bii_v1_learning1000,Ridge,validation,122,0.0400395004075248,0.0494629236183659,10.039912037910996,122,-0.0173454175715312,0.8540574724612593,bii,V1 frozen,historical_different_support_not_paired
20261002T153541Z_bii_v1_learning1000,Ridge,test,245,0.0309191909849636,0.0430732154319753,12.366853541853152,245,0.0032623816228265,0.9414040734725588,bii,V1 frozen,historical_different_support_not_paired
20261002T153541Z_bii_v1_learning1000,XGBoost,validation,122,0.0528586306329633,0.0678112423062135,13.208340787859072,122,-0.0258086287588369,0.7257000683271836,bii,V1 frozen,historical_different_support_not_paired
20261002T153541Z_bii_v1_learning1000,XGBoost,test,245,0.0287660531815704,0.0420314101486891,10.313575711179364,245,-0.0006863795705717,0.944204296097388,bii,V1 frozen,historical_different_support_not_paired
